<?xml version="1.0" encoding="UTF-8"?>


<configuration>

    <!-- 控制台输出 -->
    <appender name="CONSOLE" class="ch.qos.logback.core.ConsoleAppender">
        <encoder>
            <pattern>
                %cyan(%d{yyyy-MM-dd HH:mm:ss}) %highlight(%-5level) %boldMagenta(%logger{36})-[%red(%X{traceId})] %msg%n
            </pattern>
        </encoder>
    </appender>

    <!-- 文件输出 -->
    <appender name="FILE" class="ch.qos.logback.core.rolling.RollingFileAppender">
        <file>./logs/czhy.log</file>
        <encoder>
            <pattern>%d{yyyy-MM-dd HH:mm:ss} %-5level %logger{36}-[%X{traceId}] %msg%n</pattern>
        </encoder>
        <rollingPolicy class="ch.qos.logback.core.rolling.TimeBasedRollingPolicy">
            <!-- 每天滚动日志文件 -->
            <fileNamePattern>./logs/czhy-%d{yyyy-MM-dd}.log</fileNamePattern>
            <!-- 保留 30 天的历史记录 -->
            <maxHistory>30</maxHistory>
        </rollingPolicy>
    </appender>

    <!-- 日志级别 -->
    <root level="INFO">
        <appender-ref ref="CONSOLE"/>
        <appender-ref ref="FILE"/>
    </root>
</configuration>